{"cameraMode":{"drawMode":0,"name":"Shaded","section":"Shading Mode"},"sceneLighting":false,"audioPlay":false,"sceneViewState":{"m_AlwaysRefresh":false,"showFog":true,"showSkybox":true,"showFlares":true,"showImageEffects":true,"showParticleSystems":true,"showVisualEffectGraphs":true,"m_FxEnabled":false},"in2DMode":false,"pivot":{"x":-5.304610729217529,"y":0.7603011131286621,"z":-2.2799997329711916},"rotation":{"x":0.37012892961502077,"y":0.16342568397521974,"z":-0.0663178563117981,"w":0.9120862483978272},"size":2.3344874382019045,"orthographic":false}