{"cameraMode":{"drawMode":0,"name":"Shaded","section":"Shading Mode"},"sceneLighting":false,"audioPlay":false,"sceneViewState":{"m_AlwaysRefresh":false,"showFog":true,"showSkybox":false,"showFlares":true,"showImageEffects":true,"showParticleSystems":true,"showVisualEffectGraphs":true,"m_FxEnabled":true},"in2DMode":false,"pivot":{"x":6.221661567687988,"y":5.885197162628174,"z":5.8714165687561039},"rotation":{"x":0.027370544150471689,"y":0.8881487846374512,"z":-0.45562800765037539,"w":0.05335310846567154},"size":1.0428723096847535,"orthographic":false}